{
  "artists": [
    {
      "username": "Barot ercolors different",
      "usComment": "Basdcdscdscdscrot Bellinsdcffffffffffgham",
      "adComment": "Badscsdcrot Bellinsdcsdcsdcgham"
    },{
  "username": "Barot ercolors different",
  "usComment": "Basdcdscdscdscrot Bellinsdcffffffffffgham",
  "adComment": "Badscsdcrot Bellinsdcsdcsdcgham"
    },{
  "username": "Barot ercolors different",
  "usComment": "Basdcdscdscdscrot Bellinsdcffffffffffgham",
  "adComment": "Badscsdcrot Bellinsdcsdcsdcgham"
    },{
  "username": "Barot ercolors different",
  "usComment": "Basdcdscdscdscrot Bellinsdcffffffffffgham",
  "adComment": "Badscsdcrot Bellinsdcsdcsdcgham"
    }
  ]}